dataset,period,series,value,unit,source_url,note
IMF COFER,2026Q1,USD,57.18,percent of global FX reserves,https://data.imf.org/en/news/imf%20data%20brief%20september%2030,Prior-quarter value restated in IMF 2026Q2 data brief
IMF COFER,2026Q1,EUR,20.04,percent of global FX reserves,https://data.imf.org/en/news/imf%20data%20brief%20september%2030,Prior-quarter value restated in IMF 2026Q2 data brief
IMF COFER,2026Q1,CNY,1.98,percent of global FX reserves,https://data.imf.org/en/news/imf%20data%20brief%20september%2030,Prior-quarter value restated in IMF 2026Q2 data brief
IMF COFER,2026Q2,USD,56.70,percent of global FX reserves,https://data.imf.org/en/news/imf%20data%20brief%20september%2030,IMF COFER world aggregate published 2026-09-30
IMF COFER,2026Q2,EUR,20.60,percent of global FX reserves,https://data.imf.org/en/news/imf%20data%20brief%20september%2030,IMF COFER world aggregate published 2026-09-30
IMF COFER,2026Q2,CNY,2.11,percent of global FX reserves,https://data.imf.org/en/news/imf%20data%20brief%20september%2030,IMF COFER world aggregate published 2026-09-30
BIS Triennial FX Survey,2022,USD,88.4,percent of FX trades (one side),https://www.bis.org/publications/202509-commentary-otc-derivatives,Historical comparator cited in 2025 BIS survey commentary
BIS Triennial FX Survey,2022,EUR,30.6,percent of FX trades (one side),https://www.bis.org/publications/202509-commentary-otc-derivatives,Historical comparator cited in 2025 BIS survey commentary
BIS Triennial FX Survey,2022,CNY,7.0,percent of FX trades (one side),https://www.bis.org/publications/renminbi-propels-growth-eme-currency-trading,Historical comparator cited in BIS analysis
BIS Triennial FX Survey,2025,USD,89.2,percent of FX trades (one side),https://www.bis.org/publications/triennial-central-bank-survey-foreign-exchange-and-over-the-counter-otc-derivatives-markets-2025,BIS 2025 Triennial Central Bank Survey; final results released June 2026
BIS Triennial FX Survey,2025,EUR,28.9,percent of FX trades (one side),https://www.bis.org/publications/triennial-central-bank-survey-foreign-exchange-and-over-the-counter-otc-derivatives-markets-2025,BIS 2025 Triennial Central Bank Survey; final results released June 2026
BIS Triennial FX Survey,2025,CNY,8.5,percent of FX trades (one side),https://www.bis.org/publications/triennial-central-bank-survey-foreign-exchange-and-over-the-counter-otc-derivatives-markets-2025,BIS 2025 Triennial Central Bank Survey; final results released June 2026
